CustomerID,InvoiceNo
12748,209
14911,201
17841,124
13089,97
14606,93
15311,91
12971,86
14646,73
16029,63
13408,62
18102,60
13798,57
14156,55
14527,55
16422,51
13694,50
15061,48
16013,47
15039,47
17450,46
17949,45
14298,44
15189,41
17811,39
17961,39
13199,38
17315,38
13767,37
13468,37
12921,37
13263,35
16839,34
17850,34
17389,34
13777,33
16133,33
15078,32
12569,32
14735,32
17511,31
12682,31
17675,31
17677,30
15159,30
12471,30
17757,30
17381,29
13018,28
16684,28
12901,28
17428,28
13098,28
15005,28
15856,27
15498,27
16168,27
18118,26
18109,26
17243,26
13078,26
16525,26
13319,26
15769,26
14180,25
14667,25
14849,25
12720,25
13854,25
17581,25
12841,25
13534,25
13069,24
13102,24
13113,24
17857,23
15615,23
16353,23
14056,23
14051,23
16779,22
15358,22
14560,22
16333,22
12681,22
18041,21
14194,21
13668,21
14688,21
16814,21
17068,21
12415,21
16523,21
13599,21
16729,21
16931,21
16558,20
16033,20
14895,20
18172,20
13881,20
17377,20
17865,20
12621,20
17017,20
16705,20
16672,20
18229,20
16945,19
14060,19
14031,19
13267,19
16923,19
17576,19
17735,19
15513,19
14397,19
15838,19
16161,19
17306,19
13576,18
15290,18
12437,18
14562,18
16210,18
13969,18
12474,18
14534,18
15465,18
13004,18
13418,18
14085,18
16458,18
16746,18
15044,17
18241,17
15144,17
17920,17
14057,17
16626,17
17238,17
14096,17
12540,17
14217,17
14702,17
14796,17
15805,17
13050,17
16745,17
18198,17
17706,17
16928,17
16592,16
16843,16
16011,16
15187,16
18283,16
14543,16
14680,16
15555,16
15738,16
14367,16
16904,16
15194,15
15046,15
17719,15
15125,15
12431,15
16656,15
16713,15
13695,15
15867,15
15939,15
15640,15
15291,15
14282,15
14135,15
14189,15
15271,15
12683,15
12709,15
17611,15
17690,15
12931,15
17346,15
13269,15
17404,15
16187,15
12583,15
13985,15
12989,15
15547,14
15601,14
15694,14
14607,14
14092,14
18065,14
15827,14
15955,14
16326,14
17965,14
13756,14
16607,14
13458,14
13230,14
13090,14
17220,14
12839,14
17613,14
17790,14
18223,14
15152,13
13871,13
13880,13
15249,13
12757,13
16701,13
16241,13
16700,13
14088,13
16191,13
16722,13
15611,13
16764,13
13709,13
16782,13
17975,13
15719,13
17402,13
14191,13
13001,13
13488,13
14709,13
13013,13
14415,13
15804,13
16393,13
17730,13
14401,13
15581,13
12712,13
14040,12
13999,12
13742,12
13552,12
12647,12
17652,12
14800,12
14825,12
17870,12
15502,12
15482,12
13983,12
12731,12
12877,12
14110,12
14062,12
16186,12
13571,12
13148,12
18144,12
17809,12
13094,12
18225,12
16401,12
16678,12
15373,12
17659,12
13266,12
15235,12
16553,12
17954,12
14733,12
17139,12
15854,12
18073,12
12395,12
15298,12
14944,12
12678,12
15301,12
17419,12
15971,12
17858,12
14866,12
15570,12
12662,11
14952,11
17340,11
15218,11
17725,11
17716,11
15023,11
17061,11
15129,11
15058,11
16912,11
13178,11
18092,11
14291,11
15514,11
12500,11
16145,11
14099,11
16837,11
14776,11
16775,11
16767,11
16818,11
17644,11
14755,11
16670,11
14159,11
14032,11
14132,11
16919,11
13268,11
14711,11
14713,11
14462,11
14810,11
13629,11
13631,11
16712,11
12476,11
17364,11
12747,11
13081,11
14502,11
15251,11
13784,11
18226,11
15529,11
18077,11
12523,11
12955,11
17001,11
14239,11
12567,10
13184,10
13047,10
13491,10
14227,10
18075,10
14243,10
15984,10
16985,10
15033,10
17512,10
15024,10
16549,10
16570,10
17940,10
12708,10
15150,10
13426,10
17651,10
16794,10
12594,10
16813,10
16710,10
12553,10
16076,10
12600,10
12481,10
17231,10
13769,10
16638,10
13097,10
17218,10
15356,10
13700,10
18219,10
12362,10
17769,10
13890,10
16407,10
16426,10
15114,10
17799,10
16293,10
13324,10
18061,10
13014,10
14426,10
13305,10
17162,10
12490,10
18055,10
17530,10
17491,10
18044,10
14573,9
17750,9
13082,9
15687,9
12664,9
16817,9
13588,9
16156,9
14211,9
12619,9
17634,9
14878,9
13755,9
13993,9
14524,9
14525,9
14083,9
14456,9
13704,9
16265,9
15660,9
14587,9
13911,9
13842,9
15622,9
17071,9
15628,9
14659,9
14395,9
15544,9
17091,9
14410,9
17504,9
12980,9
12626,9
18008,9
16942,9
16019,9
14258,9
14309,9
14292,9
14299,9
13021,9
16954,9
14221,9
15606,9
14701,9
17848,9
14704,9
15602,9
15021,9
14390,9
13183,9
12417,9
15059,9
17800,9
17069,9
17049,9
15281,9
12428,9
17705,9
14901,9
14961,9
12705,9
17293,9
12584,9
16365,9
16359,9
15241,8
12704,8
15304,8
14936,8
17338,8
17314,8
13093,8
13117,8
13126,8
15696,8
15737,8
14541,8
14547,8
12352,8
15134,8
12423,8
15034,8
15214,8
18257,8
13012,8
14341,8
14344,8
14334,8
15953,8
14388,8
15910,8
15916,8
15932,8
12483,8
17396,8
17837,8
17114,8
17097,8
17997,8
14262,8
16910,8
16016,8
13394,8
15981,8
14732,8
12939,8
17894,8
17888,8
17509,8
17528,8
12957,8
12963,8
14730,8
12949,8
15527,8
13327,8
14364,8
15860,8
15861,8
15845,8
17173,8
18116,8
17365,8
12637,8
16115,8
12598,8
17861,8
14769,8
15518,8
15521,8
12910,8
14808,8
17567,8
12524,8
14071,8
16255,8
16180,8
14868,8
15410,8
17629,8
12779,8
12843,8
13971,8
16316,8
14030,8
13725,8
17696,8
17368,8
17372,8
14472,8
15796,8
14505,8
15750,8
17228,8
17230,8
17211,8
13209,8
15632,8
13137,8
17758,8
13862,8
13870,8
12464,8
12726,7
17819,7
13953,7
12457,7
12727,7
12744,7
12433,7
12562,7
12472,7
16434,7
16477,7
16466,7
17937,7
16531,7
15453,7
13549,7
17591,7
13509,7
15473,7
14794,7
13435,7
16929,7
14854,7
14201,7
17562,7
17596,7
15443,7
16098,7
17655,7
12494,7
14653,7
15752,7
15727,7
15708,7
14466,7
13225,7
12684,7
15299,7
15270,7
14976,7
12766,7
12867,7
14178,7
14696,7
17490,7
14107,7
14112,7
13437,7
14738,7
14739,7
16057,7
16905,7
12948,7
12935,7
16652,7
17686,7
16686,7
17193,7
17213,7
17191,7
13232,7
14414,7
17188,7
15874,7
17133,7
17135,7
17164,7
16725,7
16791,7
16107,7
13685,7
13630,7
16719,7
16743,7
16744,7
13384,7
16983,7
16987,7
14329,7
15974,7
15572,7
15993,7
15987,7
17412,7
18094,7
13340,7
15903,7
17416,7
14408,7
17434,7
16266,7
17988,7
13758,7
13743,7
16218,7
12826,7
16966,7
16242,7
17685,7
17669,7
17663,7
15365,7
15370,7
14907,7
15351,7
13610,7
15379,7
15906,7
17449,7
17451,7
17063,7
14744,7
17090,7
16455,7
14572,7
17739,7
15260,7
13804,7
15105,7
12347,7
18245,7
18230,7
15140,7
13538,7
16880,7
12599,7
12627,7
13527,7
13536,7
16332,7
16609,7
15671,7
16556,7
17924,7
16348,7
17287,7
17288,7
13139,7
14533,7
17323,7
13110,7
16474,7
14004,7
15089,6
16500,6
16497,6
13782,6
16633,6
13831,6
13138,6
13104,6
14595,6
17203,6
16360,6
13975,6
13994,6
14948,6
16600,6
15296,6
17723,6
13988,6
15508,6
14209,6
14210,6
17867,6
16871,6
16841,6
16877,6
13477,6
13590,6
12388,6
18260,6
15038,6
18180,6
18272,6
18236,6
16419,6
17442,6
17086,6
17107,6
17460,6
14741,6
14898,6
15382,6
17673,6
16184,6
16173,6
12828,6
12830,6
16979,6
16949,6
16681,6
13752,6
13728,6
14078,6
16327,6
14409,6
17863,6
13027,6
13317,6
17422,6
17426,6
17109,6
14404,6
14407,6
18097,6
12484,6
14487,6
15811,6
17050,6
14289,6
13381,6
16989,6
16996,6
14315,6
14307,6
16027,6
17027,6
17007,6
15996,6
16170,6
13654,6
16717,6
16790,6
16131,6
16143,6
13650,6
14507,6
13198,6
17284,6
17160,6
14639,6
14640,6
17183,6
14432,6
14434,6
14419,6
15864,6
13246,6
17214,6
14422,6
16668,6
16655,6
13717,6
12753,6
16306,6
13456,6
16059,6
14723,6
12951,6
13448,6
13450,6
17519,6
18037,6
12528,6
14676,6
14312,6
12947,6
12783,6
13520,6
16103,6
17612,6
12868,6
14101,6
13991,6
12676,6
12691,6
17676,6
17682,6
12778,6
12685,6
17236,6
14515,6
14503,6
15755,6
14530,6
14482,6
12477,6
17386,6
12643,6
13208,6
17227,6
18139,6
18122,6
15764,6
14883,6
14834,6
12853,6
12856,6
14215,6
14852,6
14188,6
12919,6
17602,6
14766,6
16899,6
16915,6
16918,6
14841,6
15491,6
17874,6
16873,6
12721,6
13949,6
13924,6
15203,6
15220,6
17744,6
15107,6
15093,6
18177,6
12455,6
18168,6
18210,6
18179,6
18171,5
18161,5
15081,5
12723,5
12714,5
17813,5
13956,5
16394,5
16395,5
15227,5
15208,5
17912,5
16566,5
17930,5
17966,5
12576,5
12557,5
13941,5
15253,5
15240,5
15132,5
12407,5
12408,5
18211,5
12432,5
14553,5
18237,5
18239,5
15201,5
16456,5
18231,5
12383,5
12381,5
15106,5
12613,5
16891,5
13481,5
16809,5
13593,5
13524,5
12601,5
17869,5
17873,5
12610,5
16086,5
16066,5
16892,5
16875,5
15493,5
15505,5
12906,5
12909,5
12912,5
12928,5
12913,5
13495,5
13499,5
17554,5
12517,5
12518,5
12520,5
14214,5
16081,5
16085,5
15434,5
15426,5
12749,5
17609,5
17593,5
14102,5
12782,5
13523,5
14698,5
14684,5
17522,5
17516,5
18016,5
15511,5
14719,5
13451,5
16042,5
14257,5
16907,5
16128,5
14146,5
16711,5
16735,5
16726,5
13575,5
13658,5
16709,5
13632,5
13634,5
13636,5
13623,5
13627,5
16770,5
16771,5
14129,5
14116,5
14321,5
15998,5
14235,5
16003,5
14226,5
14232,5
14251,5
13410,5
16992,5
13397,5
15569,5
14691,5
16150,5
16153,5
16172,5
17656,5
14931,5
15400,5
15380,5
12823,5
14064,5
16235,5
16271,5
14903,5
16748,5
16750,5
13313,5
17085,5
17470,5
14745,5
14748,5
14665,5
14673,5
13015,5
13026,5
17463,5
17457,5
17469,5
17059,5
17042,5
17054,5
14290,5
15938,5
14493,5
15809,5
15812,5
15594,5
15596,5
18069,5
15898,5
15881,5
17410,5
17400,5
15605,5
17838,5
13309,5
13323,5
16225,5
16209,5
14077,5
16283,5
16321,5
13750,5
13719,5
16682,5
14035,5
14005,5
14047,5
16249,5
13715,5
17667,5
15712,5
14428,5
14447,5
15858,5
15855,5
13265,5
14440,5
15815,5
17131,5
17126,5
14623,5
14511,5
14498,5
17827,5
12654,5
12656,5
12502,5
15785,5
15722,5
12775,5
16258,5
12670,5
13995,5
16362,5
15267,5
14978,5
14963,5
15288,5
13984,5
13748,5
16550,5
13824,5
13092,5
14583,5
15658,5
14621,5
15681,5
15674,5
13136,5
13213,5
13079,5
17348,5
17262,5
13118,5
17302,5
13141,5
14546,5
14506,5
16628,5
16618,5
13901,5
13860,5
18221,5
15179,5
15172,5
16515,5
13808,5
13882,5
13883,5
16409,5
13884,5
13875,5
16438,5
16440,5
17770,5
17754,5
12473,5
18135,5
15117,5
12451,5
12444,5
15116,4
15108,4
15110,4
15095,4
15002,4
12399,4
18178,4
15136,4
15128,4
15199,4
15027,4
15028,4
15031,4
15022,4
17796,4
15228,4
15206,4
16539,4
16513,4
16503,4
16493,4
13813,4
13815,4
13835,4
13838,4
13908,4
13892,4
13895,4
16463,4
13865,4
13869,4
17738,4
12728,4
12722,4
12724,4
17812,4
17816,4
14970,4
14959,4
15237,4
17702,4
12674,4
17731,4
17720,4
17722,4
17700,4
17955,4
17921,4
17929,4
16370,4
13950,4
16444,4
16379,4
16389,4
16475,4
16469,4
16470,4
15312,4
17787,4
12693,4
12695,4
12700,4
12680,4
14916,4
14910,4
14897,4
15332,4
12820,4
15407,4
15392,4
15394,4
15367,4
14913,4
12845,4
17692,4
17671,4
12836,4
12840,4
13982,4
16657,4
16637,4
16621,4
16612,4
13771,4
16361,4
16358,4
16342,4
16350,4
16341,4
13940,4
13925,4
13928,4
17633,4
12883,4
17648,4
17653,4
17625,4
15416,4
14871,4
14859,4
14805,4
15421,4
15411,4
13720,4
16676,4
16660,4
16654,4
14016,4
16696,4
16688,4
13735,4
16308,4
14044,4
14045,4
17979,4
13963,4
16295,4
17560,4
17552,4
14820,4
17572,4
12924,4
12916,4
14824,4
14829,4
17585,4
17589,4
17571,4
14837,4
14842,4
14844,4
13558,4
16801,4
16728,4
13680,4
13681,4
16203,4
16205,4
16206,4
16261,4
16232,4
14049,4
16224,4
14758,4
15484,4
15483,4
15500,4
14790,4
14710,4
14715,4
15530,4
15532,4
17523,4
17502,4
12970,4
12952,4
12936,4
12937,4
17526,4
17527,4
17515,4
17454,4
12993,4
12997,4
15535,4
17481,4
15571,4
15574,4
15561,4
15563,4
15550,4
14176,4
14177,4
14163,4
14167,4
14141,4
14145,4
14113,4
14121,4
14111,4
14173,4
16201,4
16182,4
16188,4
16175,4
16169,4
16774,4
13644,4
13647,4
13614,4
17849,4
17856,4
14692,4
13064,4
13048,4
15584,4
15587,4
12480,4
18093,4
18079,4
15621,4
15608,4
13592,4
13577,4
12615,4
13515,4
16833,4
16816,4
16806,4
16094,4
13555,4
13510,4
16120,4
16122,4
16126,4
16112,4
17388,4
17370,4
17373,4
12657,4
12645,4
12633,4
17828,4
18125,4
12668,4
15625,4
14655,4
14657,4
14662,4
14649,4
14626,4
15618,4
13489,4
13475,4
12539,4
13505,4
13507,4
14224,4
14216,4
14198,4
12597,4
16869,4
13147,4
13149,4
13155,4
13157,4
15644,4
15624,4
17350,4
17337,4
17345,4
17324,4
14584,4
15656,4
15641,4
13107,4
13115,4
13077,4
14608,4
14609,4
14591,4
14577,4
16955,4
16938,4
13471,4
16045,4
17994,4
16062,4
16043,4
17905,4
17883,4
17884,4
12530,4
15704,4
15706,4
15679,4
15669,4
15673,4
15743,4
15745,4
15707,4
15716,4
15701,4
14565,4
14554,4
17268,4
17272,4
13196,4
13200,4
16998,4
16005,4
16007,4
16009,4
14233,4
14234,4
13429,4
16906,4
17204,4
13145,4
13134,4
17299,4
13167,4
13238,4
13240,4
13220,4
13203,4
14522,4
14504,4
13168,4
13158,4
13159,4
13162,4
15756,4
14532,4
15777,4
14477,4
14467,4
15834,4
15814,4
15819,4
15808,4
15810,4
15797,4
17147,4
13297,4
13301,4
13362,4
17062,4
14352,4
14342,4
14336,4
15983,4
14293,4
14297,4
14285,4
14273,4
17175,4
13285,4
13277,4
13247,4
14441,4
14443,4
14446,4
14449,4
17180,4
14360,4
15862,4
15835,4
15841,4
13316,4
13320,4
17092,4
17096,4
17101,4
17088,4
17073,4
17075,4
15920,4
15882,4
14403,4
17019,4
17006,4
15952,4
15965,4
15950,4
17043,4
12348,4
12364,4
12370,4
12359,4
12463,4
12449,4
18173,4
18145,4
15079,4
12679,4
17774,4
18242,4
18232,4
12393,4
12380,4
15065,4
15060,4
15048,4
15145,4
15062,4
12429,4
12421,4
15100,3
18273,3
18202,3
18204,3
18188,3
12427,3
12422,3
12409,3
12412,3
12413,3
12414,3
15133,3
15157,3
15067,3
15051,3
15053,3
15050,3
15036,3
18287,3
18235,3
16460,3
16462,3
15073,3
18263,3
18259,3
17777,3
17779,3
17765,3
14958,3
14937,3
15245,3
15238,3
17759,3
17736,3
12710,3
13867,3
17724,3
17703,3
12787,3
15306,3
15289,3
15297,3
14971,3
14973,3
12577,3
12560,3
17951,3
17950,3
17932,3
16571,3
17728,3
17734,3
16416,3
16418,3
16385,3
16369,3
16378,3
13951,3
13959,3
13939,3
14305,3
14286,3
14287,3
14276,3
14277,3
14359,3
14332,3
13310,3
13379,3
16969,3
16960,3
16948,3
16950,3
16951,3
16000,3
15980,3
15839,3
14450,3
17198,3
17179,3
13280,3
13282,3
13249,3
13258,3
13330,3
13314,3
13318,3
13308,3
14383,3
14385,3
14387,3
15865,3
15781,3
15782,3
15759,3
15768,3
15754,3
14529,3
14513,3
14514,3
14463,3
14465,3
14460,3
14461,3
15786,3
15787,3
15793,3
15780,3
14418,3
15826,3
15831,3
15806,3
15807,3
15799,3
15801,3
14475,3
13373,3
13344,3
13334,3
17064,3
17158,3
17159,3
17146,3
17152,3
17014,3
17015,3
16997,3
17002,3
13425,3
13405,3
13414,3
13389,3
14250,3
14229,3
14231,3
16012,3
16014,3
16015,3
16008,3
16010,3
13124,3
16927,3
16930,3
16924,3
16898,3
16900,3
14267,3
14246,3
13171,3
13174,3
13242,3
13217,3
13211,3
13212,3
13140,3
13131,3
18017,3
16041,3
16049,3
16034,3
16037,3
16038,3
16040,3
16020,3
15680,3
17892,3
17886,3
12628,3
12527,3
18043,3
18035,3
18036,3
14561,3
14535,3
14540,3
15747,3
15749,3
15730,3
15675,3
15676,3
13376,3
17289,3
17295,3
17282,3
17266,3
13186,3
14499,3
14500,3
16079,3
14223,3
18059,3
18062,3
12536,3
12541,3
12526,3
13502,3
17320,3
15643,3
16872,3
16882,3
16866,3
16851,3
13546,3
16099,3
14592,3
14593,3
15646,3
15651,3
17351,3
17341,3
17312,3
17317,3
16023,3
16940,3
16943,3
13461,3
13447,3
13427,3
14616,3
14618,3
16146,3
16136,3
16139,3
16110,3
16102,3
16092,3
13533,3
13539,3
12640,3
17830,3
17835,3
13029,3
17375,3
17371,3
17360,3
17361,3
14631,3
15620,3
18136,3
18127,3
12507,3
12498,3
12649,3
12642,3
13500,3
13486,3
13487,3
13492,3
16885,3
16889,3
17917,3
17897,3
13037,3
13038,3
17864,3
14708,3
14681,3
14669,3
16768,3
13643,3
17429,3
17420,3
17406,3
17411,3
17398,3
17405,3
13055,3
13058,3
12609,3
12593,3
12488,3
18096,3
18081,3
15582,3
15589,3
14700,3
13521,3
13516,3
13517,3
16842,3
16832,3
16807,3
13591,3
12620,3
12994,3
12999,3
13000,3
12990,3
17545,3
17521,3
17500,3
12950,3
12942,3
17472,3
17483,3
17461,3
17440,3
17444,3
13016,3
13003,3
14126,3
14175,3
14161,3
15577,3
15568,3
15549,3
14731,3
14737,3
13637,3
13617,3
16174,3
16164,3
16157,3
14127,3
14133,3
14125,3
16759,3
16762,3
16730,3
16734,3
13692,3
13662,3
13666,3
13652,3
16233,3
14075,3
16221,3
16226,3
16214,3
13606,3
13611,3
16755,3
14779,3
14765,3
14775,3
14759,3
15485,3
15489,3
15462,3
16245,3
14740,3
14720,3
14712,3
15533,3
15525,3
15516,3
15506,3
14798,3
16298,3
16303,3
16279,3
14034,3
14038,3
14019,3
14021,3
14006,3
12891,3
17557,3
17564,3
17550,3
14818,3
16324,3
16325,3
16317,3
14828,3
17588,3
17590,3
17573,3
17579,3
17580,3
12933,3
12885,3
13562,3
13564,3
16804,3
15467,3
15452,3
15456,3
14836,3
14823,3
17618,3
17621,3
12879,3
12854,3
16572,3
16551,3
16554,3
13819,3
15399,3
12798,3
12808,3
12811,3
17646,3
17631,3
17615,3
17616,3
15440,3
15449,3
15436,3
15427,3
15414,3
14880,3
14867,3
14856,3
14013,3
16714,3
16706,3
13722,3
13705,3
16671,3
16669,3
14803,3
12669,3
16496,3
16478,3
16464,3
16473,3
13873,3
16442,3
16431,3
12827,3
15376,3
14930,3
15344,3
15334,3
15321,3
15329,3
12697,3
13741,3
16589,3
16593,3
17980,3
17990,3
17974,3
12759,3
12754,3
13946,3
16356,3
16357,3
16330,3
14001,3
16639,3
13772,3
13764,3
15018,3
15009,3
14997,3
15122,3
15111,3
15113,3
15098,3
17768,3
16495,3
17817,3
17797,3
17802,3
15215,3
15197,3
15026,3
15032,3
13811,3
13812,3
13802,3
16532,3
16533,3
16520,3
16511,3
16488,3
13851,3
13856,3
13846,3
13848,3
13827,3
13900,3
13894,3
13810,3
15933,3
15907,3
15901,3
15885,3
17115,3
17095,3
17083,3
17076,3
17045,3
17047,3
17048,3
17033,3
17034,3
17024,3
17025,3
15969,3
15181,3
15164,3
15156,3
12372,3
12356,3
12360,3
17058,3
17041,3
18167,3
18170,3
18155,3
18149,3
18150,3
12456,3
18130,3
15192,3
12424,2
18261,2
12410,2
12406,2
12397,2
18183,2
12358,2
18265,2
18270,2
15071,2
12462,2
18246,2
18248,2
18252,2
12450,2
12452,2
12458,2
12461,2
12434,2
12435,2
12438,2
15139,2
15146,2
15121,2
15123,2
15124,2
18282,2
18217,2
18218,2
18121,2
18123,2
18142,2
18143,2
18112,2
18101,2
12504,2
12508,2
12510,2
12512,2
18095,2
12492,2
12493,2
18078,2
18080,2
18085,2
18087,2
18064,2
18071,2
12545,2
12546,2
12547,2
12552,2
12556,2
15182,2
15184,2
15186,2
15163,2
15054,2
15057,2
15068,2
15045,2
12522,2
12535,2
18048,2
12516,2
18024,2
18030,2
18034,2
18040,2
18013,2
18018,2
17991,2
17999,2
18001,2
18005,2
12592,2
17964,2
17969,2
12582,2
12585,2
12589,2
12590,2
15211,2
15213,2
15223,2
15030,2
15198,2
15205,2
15012,2
15014,2
14984,2
14985,2
14987,2
14995,2
14998,2
12571,2
12572,2
12578,2
12559,2
17946,2
17926,2
17928,2
17931,2
17934,2
17935,2
15272,2
14947,2
15258,2
15265,2
15244,2
15246,2
15252,2
15224,2
15230,2
15232,2
15239,2
17900,2
17913,2
17889,2
17890,2
17898,2
12624,2
12625,2
12616,2
12596,2
12604,2
17852,2
17854,2
12653,2
12646,2
12630,2
12635,2
17788,2
17795,2
12694,2
12701,2
17786,2
17781,2
17783,2
12673,2
12689,2
15315,2
15287,2
15274,2
14960,2
14965,2
17760,2
17764,2
17771,2
17772,2
12739,2
12743,2
17737,2
17742,2
17749,2
12735,2
17733,2
12716,2
12717,2
12719,2
17708,2
17711,2
12793,2
12794,2
17704,2
17707,2
12781,2
12784,2
12755,2
12758,2
12762,2
12763,2
14893,2
14896,2
14904,2
14905,2
14912,2
15353,2
15355,2
14891,2
15349,2
15330,2
15339,2
17679,2
17691,2
17695,2
17664,2
17666,2
17668,2
17672,2
17674,2
12829,2
12832,2
12838,2
17658,2
12815,2
12816,2
12822,2
17630,2
17637,2
17642,2
12882,2
17624,2
12865,2
12871,2
12872,2
12875,2
12876,2
12878,2
15398,2
15402,2
15406,2
14851,2
14853,2
15384,2
15393,2
14934,2
15364,2
15366,2
15381,2
14915,2
14918,2
14920,2
14921,2
12849,2
12857,2
17604,2
17608,2
12842,2
12844,2
12930,2
17584,2
17594,2
17595,2
12908,2
12915,2
12925,2
15424,2
15429,2
15433,2
15422,2
14875,2
14882,2
14855,2
14857,2
14862,2
14865,2
14869,2
12886,2
12888,2
12895,2
12897,2
12904,2
17549,2
17555,2
17566,2
17537,2
17540,2
17501,2
17503,2
17505,2
17507,2
12981,2
17489,2
17495,2
12962,2
12967,2
17466,2
17468,2
12940,2
12944,2
15468,2
15469,2
14813,2
14815,2
14817,2
14819,2
15444,2
17447,2
17453,2
17459,2
17462,2
13023,2
17436,2
17446,2
12985,2
12987,2
12991,2
13005,2
17425,2
17430,2
17432,2
17397,2
17409,2
17414,2
17418,2
17423,2
13066,2
13068,2
13035,2
13040,2
13046,2
13049,2
17391,2
17392,2
13028,2
13030,2
13032,2
13034,2
15497,2
15512,2
14784,2
14785,2
14788,2
14761,2
14768,2
14770,2
14778,2
14780,2
15478,2
15492,2
15494,2
17374,2
17376,2
17384,2
17387,2
13109,2
17357,2
17358,2
17362,2
13083,2
13085,2
17353,2
15565,2
15573,2
15545,2
14754,2
15522,2
15526,2
15531,2
14716,2
17329,2
17330,2
17334,2
17339,2
17311,2
17321,2
13122,2
13133,2
17298,2
17265,2
17267,2
17277,2
17290,2
13189,2
13192,2
17255,2
17256,2
17259,2
13173,2
17252,2
17254,2
13165,2
13169,2
15612,2
14624,2
14625,2
15579,2
15599,2
14690,2
14697,2
14664,2
14670,2
14672,2
14682,2
17242,2
17250,2
17223,2
17229,2
17232,2
17235,2
17237,2
17221,2
13224,2
13233,2
13236,2
13207,2
13221,2
13223,2
17186,2
17189,2
17190,2
17194,2
17166,2
17169,2
17181,2
13276,2
13283,2
13292,2
15648,2
15649,2
15653,2
15654,2
14660,2
15626,2
15630,2
15636,2
14643,2
14644,2
14645,2
14651,2
14656,2
14658,2
14628,2
14629,2
14636,2
13255,2
13261,2
13272,2
17155,2
17157,2
17163,2
13248,2
13253,2
17134,2
17144,2
17119,2
15689,2
15690,2
14620,2
15665,2
14594,2
14597,2
15661,2
17080,2
17081,2
17082,2
17084,2
17100,2
17105,2
13311,2
13321,2
13329,2
17078,2
13365,2
13368,2
13294,2
13363,2
13350,2
17031,2
17035,2
17004,2
17018,2
17026,2
17029,2
13421,2
16984,2
16986,2
16999,2
13402,2
13404,2
13416,2
13417,2
13420,2
13388,2
13396,2
14538,2
14539,2
14544,2
14548,2
14550,2
15734,2
15724,2
15732,2
15695,2
15700,2
15713,2
15714,2
16968,2
16980,2
16952,2
16957,2
13467,2
13470,2
13473,2
16934,2
13452,2
13453,2
13455,2
13460,2
15763,2
14520,2
15757,2
15762,2
14495,2
14496,2
14501,2
14508,2
14512,2
14517,2
14551,2
14555,2
14567,2
14570,2
16933,2
13430,2
13431,2
13434,2
16897,2
16916,2
13496,2
13497,2
13506,2
13476,2
13479,2
13493,2
16863,2
16883,2
16884,2
16852,2
16855,2
16859,2
16861,2
13544,2
13548,2
13557,2
13525,2
13529,2
13531,2
15813,2
15821,2
15822,2
15829,2
14491,2
15800,2
14470,2
14473,2
14479,2
14481,2
15791,2
14451,2
14452,2
16828,2
16835,2
16836,2
16838,2
16811,2
16824,2
16825,2
13589,2
13596,2
16805,2
16808,2
13569,2
13573,2
13579,2
15852,2
15863,2
15869,2
15872,2
14448,2
15840,2
15847,2
15850,2
14427,2
14442,2
14412,2
14416,2
14421,2
13563,2
13565,2
13566,2
16780,2
16788,2
16792,2
13649,2
16766,2
16777,2
16778,2
13601,2
16747,2
13672,2
13673,2
13675,2
15897,2
15912,2
15918,2
15883,2
15889,2
15894,2
14389,2
14396,2
15877,2
14377,2
14379,2
13655,2
13656,2
13657,2
13659,2
13669,2
16716,2
16723,2
13651,2
16685,2
16689,2
16690,2
16692,2
16693,2
16698,2
13726,2
13727,2
13730,2
13731,2
13736,2
13707,2
13711,2
13718,2
16667,2
16674,2
16644,2
16647,2
16653,2
16624,2
16629,2
16634,2
16642,2
15977,2
14320,2
14323,2
14331,2
15963,2
15967,2
15976,2
15948,2
15949,2
15951,2
15919,2
15935,2
16616,2
16620,2
16596,2
16603,2
13761,2
13780,2
13744,2
13754,2
13759,2
13760,2
14306,2
15985,2
15990,2
14272,2
14284,2
14354,2
14356,2
14335,2
14338,2
14346,2
16584,2
16560,2
16561,2
16567,2
16573,2
13817,2
13821,2
13822,2
13823,2
16552,2
16555,2
16557,2
13805,2
13814,2
13816,2
16546,2
13787,2
13791,2
13792,2
13799,2
16506,2
16518,2
16519,2
16484,2
16498,2
16499,2
16031,2
16036,2
16048,2
16053,2
14261,2
14264,2
14265,2
14240,2
14242,2
14245,2
14256,2
16018,2
14236,2
13868,2
16479,2
13849,2
13917,2
13918,2
13837,2
13888,2
13899,2
13904,2
13914,2
16454,2
13885,2
16441,2
16446,2
16449,2
16427,2
16405,2
16411,2
16414,2
16080,2
16083,2
16091,2
14220,2
16070,2
14205,2
14193,2
14195,2
16386,2
16398,2
16399,2
16402,2
16368,2
16372,2
16374,2
16376,2
16383,2
16384,2
13952,2
13954,2
13955,2
13929,2
13930,2
13931,2
13933,2
16354,2
16364,2
16367,2
13919,2
16343,2
16347,2
16352,2
13989,2
14002,2
13972,2
13978,2
14140,2
14147,2
14150,2
14152,2
16140,2
16119,2
16121,2
16134,2
16109,2
16320,2
16322,2
13960,2
13962,2
16309,2
16311,2
16313,2
16284,2
14020,2
14023,2
14024,2
14029,2
14037,2
14009,2
16250,2
16253,2
16268,2
16239,2
16240,2
16243,2
16244,2
14081,2
16160,2
16163,2
14114,2
14128,2
14138,2
16149,2
14179,2
14104,2
14108,2
14154,2
14157,2
14162,2
14164,2
14053,2
14067,2
16217,2
16229,2
16230,2
14050,2
16200,2
16208,2
16212,2
16185,2
16189,2
18158,2
18160,2
12465,2
12468,2
18146,2
18147,2
18151,2
18154,2
18156,2
15092,2
15101,2
15103,2
15104,2
15088,2
18196,2
18205,2
18228,2
18189,2
18190,2
12379,2
12384,2
12386,2
12394,2
12363,2
12365,2
12371,2
12375,2
12377,2
12430,1
12367,1
12373,1
12374,1
12378,1
12390,1
12391,1
18227,1
18185,1
18191,1
18192,1
18193,1
18194,1
18200,1
18203,1
18209,1
18212,1
18213,1
18215,1
15074,1
15075,1
15135,1
15142,1
15143,1
15147,1
15148,1
12436,1
12441,1
12442,1
18281,1
12349,1
18240,1
15118,1
15119,1
15120,1
15127,1
15130,1
18224,1
12353,1
12350,1
18274,1
18276,1
18277,1
18278,1
18280,1
18120,1
18126,1
18129,1
18133,1
18138,1
18216,1
18220,1
18222,1
14076,1
14079,1
14080,1
14082,1
14087,1
14089,1
14090,1
16236,1
14130,1
16152,1
16159,1
16162,1
16171,1
16177,1
16178,1
14073,1
14174,1
14093,1
14098,1
14100,1
14105,1
14109,1
14117,1
14124,1
14055,1
14059,1
14066,1
14068,1
14155,1
14158,1
14165,1
14171,1
16292,1
16297,1
16302,1
16305,1
16315,1
16318,1
16319,1
16323,1
14036,1
14039,1
14041,1
14046,1
14048,1
16281,1
16282,1
16287,1
16275,1
16276,1
16278,1
14012,1
14014,1
14015,1
14022,1
14027,1
16247,1
16248,1
16256,1
16257,1
16260,1
16270,1
16272,1
16274,1
13973,1
13974,1
13976,1
13979,1
13980,1
13986,1
13990,1
13992,1
16144,1
16147,1
16148,1
14139,1
14142,1
14143,1
14148,1
14149,1
16117,1
16123,1
16124,1
16125,1
16127,1
16135,1
16141,1
16142,1
13967,1
16104,1
16105,1
16106,1
16108,1
16113,1
16114,1
16116,1
16387,1
16392,1
16400,1
16403,1
16055,1
16056,1
16063,1
14184,1
13934,1
13936,1
13937,1
13938,1
13947,1
13948,1
16377,1
16380,1
16351,1
16363,1
16366,1
13922,1
13923,1
13926,1
13927,1
13932,1
14000,1
16337,1
16338,1
16339,1
16340,1
16344,1
16345,1
16349,1
16415,1
16423,1
16424,1
16425,1
16429,1
16430,1
16432,1
16433,1
16093,1
16096,1
16097,1
16101,1
16404,1
16406,1
16412,1
16413,1
14219,1
14222,1
16065,1
16071,1
16072,1
16073,1
16078,1
16084,1
14185,1
14196,1
14199,1
14204,1
14206,1
14208,1
14212,1
14218,1
13859,1
13863,1
13866,1
16457,1
16461,1
16468,1
16471,1
16480,1
13832,1
13833,1
13841,1
13844,1
13845,1
13850,1
13853,1
13858,1
13878,1
13886,1
13887,1
13889,1
13893,1
13897,1
13898,1
13828,1
16445,1
16447,1
16448,1
16450,1
16451,1
13874,1
13876,1
13877,1
16504,1
16505,1
16509,1
16510,1
16516,1
16517,1
16526,1
16527,1
16030,1
16050,1
16052,1
16054,1
16483,1
16485,1
16491,1
16494,1
14247,1
14248,1
14259,1
14270,1
16022,1
16024,1
16025,1
16026,1
16482,1
15992,1
15994,1
16006,1
16017,1
14237,1
14238,1
14241,1
16591,1
13740,1
14339,1
14340,1
14345,1
14348,1
14349,1
14350,1
16565,1
16569,1
16574,1
16581,1
16582,1
16583,1
16586,1
16587,1
13800,1
13801,1
13803,1
13806,1
13807,1
13809,1
13826,1
16563,1
16528,1
16529,1
16535,1
16536,1
16542,1
16545,1
13786,1
13790,1
13781,1
16594,1
16595,1
16597,1
16598,1
16601,1
16602,1
16610,1
13745,1
13747,1
13751,1
13753,1
13762,1
13763,1
13774,1
13778,1
14300,1
14301,1
14304,1
14311,1
14314,1
15978,1
15986,1
15988,1
14351,1
14353,1
14355,1
14357,1
14271,1
14280,1
14288,1
14295,1
14327,1
14333,1
16625,1
16627,1
16641,1
16643,1
16648,1
16650,1
15947,1
15957,1
15958,1
15970,1
15973,1
15975,1
14317,1
14326,1
15923,1
15925,1
15930,1
15937,1
15940,1
15942,1
15944,1
15945,1
16611,1
16613,1
16614,1
16617,1
16619,1
16623,1
15921,1
15922,1
13663,1
13667,1
13670,1
14362,1
14368,1
14371,1
14373,1
14375,1
13737,1
13739,1
16697,1
16708,1
16715,1
16718,1
16720,1
16721,1
13706,1
13708,1
13710,1
13712,1
13716,1
13721,1
13723,1
13732,1
16658,1
16659,1
16665,1
16666,1
16679,1
16680,1
13699,1
13703,1
16732,1
16737,1
16738,1
16739,1
16742,1
16751,1
16752,1
16753,1
13678,1
13682,1
13684,1
13686,1
13689,1
13690,1
13697,1
16727,1
15888,1
15891,1
15895,1
15899,1
15900,1
15904,1
15909,1
15917,1
14381,1
14382,1
14386,1
14393,1
14400,1
14406,1
15880,1
15886,1
16784,1
16789,1
16793,1
16795,1
16796,1
16800,1
16803,1
13560,1
13639,1
13642,1
13645,1
16765,1
16769,1
16773,1
16776,1
16781,1
13603,1
13607,1
13615,1
13618,1
13621,1
13626,1
13635,1
13638,1
16754,1
16756,1
16757,1
16758,1
16761,1
16763,1
13600,1
13602,1
13583,1
13584,1
13587,1
13594,1
13598,1
16810,1
16812,1
16820,1
15853,1
15857,1
15866,1
15870,1
13568,1
13570,1
13572,1
13581,1
14436,1
14437,1
14438,1
14439,1
15836,1
15837,1
15843,1
15844,1
13561,1
15832,1
14411,1
14413,1
14420,1
14423,1
14424,1
14431,1
15830,1
13513,1
13514,1
13518,1
13519,1
13522,1
13532,1
13551,1
14485,1
14488,1
14489,1
15802,1
15803,1
15820,1
15823,1
15825,1
14453,1
14457,1
14459,1
14474,1
14476,1
14480,1
14483,1
14484,1
16823,1
16826,1
16829,1
16830,1
16834,1
13512,1
15790,1
15795,1
16909,1
16913,1
16914,1
16917,1
16921,1
16926,1
16932,1
13428,1
13494,1
13501,1
13503,1
13504,1
13508,1
16895,1
16902,1
16903,1
16881,1
16887,1
16893,1
13474,1
13482,1
13483,1
13484,1
13485,1
16846,1
16847,1
16848,1
16849,1
16850,1
16856,1
16858,1
16878,1
13466,1
16936,1
16947,1
16953,1
16956,1
16959,1
16961,1
16963,1
15783,1
15789,1
13436,1
13439,1
13441,1
13449,1
13462,1
13464,1
14528,1
15753,1
15758,1
15766,1
15773,1
15774,1
15775,1
15776,1
14552,1
14557,1
14566,1
14569,1
14494,1
14497,1
14518,1
14523,1
14542,1
14549,1
13382,1
13385,1
13390,1
13391,1
13395,1
13398,1
15733,1
15739,1
15740,1
15744,1
15746,1
15748,1
14536,1
14537,1
15705,1
15709,1
15717,1
15720,1
15721,1
15723,1
15725,1
15729,1
16965,1
16967,1
16971,1
16976,1
16978,1
13375,1
15699,1
15703,1
13339,1
13341,1
13343,1
13345,1
13347,1
13348,1
13349,1
13351,1
17051,1
17052,1
17053,1
17060,1
17070,1
13332,1
13336,1
13338,1
17011,1
17022,1
17030,1
17037,1
17038,1
17040,1
17044,1
17046,1
13403,1
13411,1
13419,1
13422,1
16982,1
16988,1
16990,1
17010,1
17094,1
17102,1
15657,1
15659,1
15663,1
14576,1
14578,1
14581,1
13300,1
13302,1
13304,1
13307,1
13322,1
13325,1
13328,1
17079,1
13366,1
13369,1
13370,1
13372,1
13295,1
13296,1
13298,1
13299,1
13352,1
13354,1
13355,1
13356,1
13357,1
13358,1
13359,1
13364,1
17122,1
17123,1
17124,1
17125,1
17128,1
17138,1
17140,1
17142,1
15683,1
15691,1
15692,1
17110,1
17111,1
17117,1
17118,1
17120,1
14619,1
14622,1
15664,1
15667,1
15668,1
15670,1
15677,1
15678,1
14582,1
14585,1
14586,1
14589,1
14598,1
14600,1
14601,1
14603,1
13278,1
13279,1
13284,1
13291,1
17165,1
17171,1
17172,1
17174,1
15623,1
15634,1
15637,1
15639,1
15645,1
15652,1
15655,1
13273,1
14632,1
14633,1
14638,1
14641,1
14642,1
14647,1
14652,1
14661,1
17148,1
17153,1
17154,1
13259,1
13260,1
13262,1
13270,1
13271,1
17234,1
17239,1
17244,1
17245,1
17247,1
17248,1
17251,1
15576,1
13243,1
13244,1
13245,1
17217,1
17219,1
17222,1
17226,1
17233,1
13216,1
13218,1
13226,1
13227,1
13228,1
13229,1
13235,1
13239,1
17176,1
17187,1
17197,1
17201,1
17205,1
17206,1
17212,1
13210,1
13170,1
13176,1
13177,1
13182,1
13185,1
13187,1
13188,1
13193,1
15607,1
15609,1
15610,1
15619,1
17253,1
13160,1
13161,1
13166,1
15578,1
15585,1
15592,1
15593,1
15597,1
15598,1
15603,1
15604,1
14666,1
14675,1
14687,1
14689,1
14693,1
14699,1
14703,1
14705,1
17325,1
17331,1
17333,1
17343,1
17344,1
15523,1
15524,1
15528,1
13132,1
13135,1
13142,1
13144,1
13146,1
13151,1
13153,1
17313,1
17301,1
17303,1
17309,1
13116,1
13120,1
13121,1
13127,1
13130,1
13194,1
17263,1
17274,1
17278,1
17279,1
17286,1
17291,1
17297,1
13070,1
13072,1
13075,1
13080,1
13091,1
13095,1
13099,1
13101,1
15554,1
15556,1
15557,1
15562,1
15567,1
17347,1
17349,1
17354,1
15537,1
15539,1
15540,1
15541,1
15543,1
15551,1
15552,1
15553,1
14714,1
14722,1
14725,1
14727,1
14729,1
14747,1
14752,1
14753,1
15504,1
15507,1
15510,1
15517,1
15520,1
17394,1
13033,1
13043,1
14764,1
14772,1
14782,1
14789,1
14792,1
14793,1
14795,1
15503,1
17383,1
17385,1
15480,1
15488,1
14756,1
14757,1
14760,1
14762,1
13103,1
13106,1
13108,1
17356,1
17359,1
17367,1
17379,1
17382,1
17438,1
17443,1
17455,1
17456,1
17458,1
17464,1
15438,1
15442,1
12984,1
12988,1
12995,1
13002,1
13006,1
13008,1
13011,1
13017,1
13067,1
17403,1
17408,1
17415,1
17427,1
17431,1
17433,1
12982,1
13044,1
13045,1
13052,1
13059,1
13060,1
13061,1
13062,1
13065,1
17480,1
12938,1
12945,1
12953,1
12956,1
12965,1
12966,1
12968,1
15460,1
15463,1
15464,1
15466,1
15471,1
15472,1
15475,1
17475,1
14821,1
14830,1
14840,1
14847,1
15450,1
15454,1
15457,1
15458,1
15445,1
15447,1
15448,1
14799,1
14801,1
14804,1
14806,1
14816,1
17551,1
17553,1
17556,1
17561,1
17569,1
12890,1
12893,1
12902,1
17525,1
17531,1
17534,1
17535,1
17536,1
17538,1
17542,1
17548,1
17506,1
17508,1
17510,1
17513,1
17514,1
17517,1
17520,1
17524,1
12974,1
12976,1
12977,1
17486,1
17492,1
17496,1
17498,1
17499,1
12923,1
12929,1
17574,1
17578,1
17582,1
17597,1
17600,1
17601,1
15423,1
15428,1
15432,1
15435,1
15437,1
12917,1
12920,1
12922,1
14887,1
14888,1
14889,1
15408,1
15412,1
15415,1
15417,1
15419,1
14860,1
14861,1
14863,1
14870,1
14873,1
14881,1
14885,1
14886,1
14850,1
12866,1
12873,1
12881,1
12884,1
17619,1
17620,1
17623,1
15385,1
15386,1
15388,1
15389,1
15395,1
15396,1
15397,1
15405,1
14923,1
14924,1
14929,1
14932,1
14935,1
15368,1
15372,1
15374,1
17603,1
17614,1
12847,1
12851,1
12852,1
12855,1
12863,1
12864,1
17670,1
17678,1
17680,1
17684,1
17693,1
17694,1
12750,1
15322,1
12818,1
12821,1
12824,1
12831,1
12833,1
12834,1
12837,1
17660,1
17654,1
12795,1
12797,1
12802,1
12809,1
12812,1
12814,1
12817,1
17628,1
17636,1
17639,1
17640,1
17643,1
17647,1
17649,1
17650,1
12770,1
12772,1
12785,1
12789,1
12790,1
12791,1
12792,1
17697,1
14890,1
14894,1
14902,1
14908,1
12752,1
12756,1
12764,1
12769,1
15345,1
15346,1
15347,1
15348,1
15350,1
15360,1
15361,1
15363,1
15325,1
15326,1
15327,1
15333,1
15335,1
15341,1
15342,1
15343,1
17763,1
17767,1
14957,1
14962,1
14964,1
14966,1
14967,1
14968,1
12734,1
12736,1
12738,1
12740,1
17746,1
17747,1
17752,1
17761,1
17732,1
12713,1
12715,1
12718,1
12725,1
12729,1
12732,1
12733,1
17698,1
17701,1
17709,1
17712,1
17714,1
17715,1
17718,1
17727,1
12688,1
12690,1
12702,1
12703,1
12707,1
17785,1
17789,1
17791,1
15314,1
15316,1
15318,1
15319,1
15320,1
17775,1
12672,1
12686,1
15280,1
15286,1
15292,1
15300,1
15303,1
15307,1
15308,1
15313,1
14972,1
14974,1
14975,1
14981,1
15275,1
15276,1
15277,1
15279,1
17844,1
17846,1
17855,1
17859,1
17860,1
17862,1
17866,1
17871,1
12652,1
12658,1
12659,1
12660,1
12665,1
12667,1
17839,1
17843,1
12631,1
12638,1
12639,1
12641,1
12644,1
12648,1
12650,1
12651,1
17793,1
17805,1
17806,1
17824,1
17829,1
17831,1
17832,1
17836,1
17906,1
17908,1
17911,1
17914,1
15225,1
15226,1
15234,1
15236,1
17887,1
17891,1
17893,1
17895,1
17896,1
17899,1
17901,1
17904,1
12617,1
12618,1
12622,1
12623,1
17879,1
17880,1
17881,1
17885,1
17877,1
17878,1
12602,1
12603,1
12607,1
12611,1
12612,1
12614,1
17947,1
17948,1
17956,1
17957,1
17958,1
17960,1
12558,1
12561,1
14954,1
17919,1
17923,1
17925,1
17936,1
17939,1
17941,1
17942,1
15263,1
15264,1
15266,1
15269,1
14946,1
14950,1
14951,1
14953,1
15243,1
15247,1
15254,1
15255,1
15256,1
15257,1
15261,1
15262,1
15221,1
15222,1
12581,1
12586,1
12587,1
12588,1
12591,1
17962,1
15019,1
15025,1
15195,1
15204,1
15210,1
15212,1
15216,1
15219,1
14988,1
15000,1
15004,1
15006,1
15007,1
15010,1
15016,1
15017,1
12564,1
12565,1
12566,1
12573,1
12574,1
12579,1
12580,1
15193,1
18033,1
18042,1
18045,1
18050,1
18053,1
18056,1
12519,1
12521,1
18010,1
18011,1
18014,1
18015,1
18019,1
18022,1
18027,1
18032,1
17984,1
17985,1
17986,1
17987,1
17995,1
18004,1
18006,1
18009,1
17967,1
17968,1
17970,1
17972,1
17973,1
17976,1
17977,1
17978,1
15174,1
15175,1
15178,1
15180,1
15185,1
12548,1
12550,1
12551,1
15153,1
15154,1
15158,1
15160,1
15165,1
15167,1
15168,1
15171,1
15043,1
15047,1
15049,1
15052,1
15063,1
15066,1
15069,1
15149,1
12531,1
12532,1
12534,1
12538,1
12544,1
15035,1
15041,1
15042,1
18105,1
18106,1
18108,1
18110,1
18113,1
18114,1
18117,1
18119,1
12501,1
12506,1
12509,1
12513,1
12514,1
12515,1
18099,1
18104,1
18086,1
18088,1
12475,1
12478,1
12479,1
12489,1
12491,1
12497,1
18058,1
18066,1
18067,1
18068,1
18072,1
18074,1
18082,1
18084,1
12355,1
12354,1
12418,1
12420,1
12346,1
12425,1
12426,1
15076,1
12361,1
18184,1
12357,1
12398,1
12401,1
12402,1
12403,1
12405,1
18251,1
18255,1
18233,1
18262,1
18268,1
18269,1
15070,1
18181,1
12445,1
12446,1
12447,1
12448,1
12453,1
12454,1
18249,1
18250,1
16211,1
16213,1
16215,1
16216,1
16222,1
16227,1
14052,1
14054,1
16181,1
16183,1
16190,1
16193,1
16198,1
16202,1
16204,1
16207,1
15115,1
18159,1
18164,1
18165,1
18169,1
18174,1
18176,1
16179,1
15083,1
15087,1
15090,1
15091,1
15096,1
15097,1
15099,1
15109,1
